No,Name
1,NUC100LD2DN
2,NAU82011YG
3,NAU8814YG
4,MINI52TDE
5,NUC980DK61Y
6,M032KIAAE
7,NUC980DF61YC
8,M031SG8AE
9,ML51TB9AE
10,MINI54ZDE
11,NUC972DF63YC
12,M032LG8AE
13,NUC977DK63YC
14,MS51BA9AE
15,NAU83P20YGB
16,MINI58LDE
17,NAU8810YG
18,N9H20K31N
19,ML51LD1AE
20,M031LG6AE
21,MINI51LDE
22,M031KIAAE
23,ML51PC0AE
24,NUC980DK63YC
25,MS51FC0AE
26,NUC980DR61YC
27,NAU8223YG
28,NAU85L40YGB
29,N9H30F61IEC
30,ML51UB9AE
31,MINI52ZDE
32,M032SG6AE
33,NUC975DK63YC
34,MS51PC0AE
35,NAU8315YG
36,MINI58FDE
37,MINI54LDE
38,ML51OB9AE
39,MINI51FDE
40,M032SG8AE
41,N9H26K63N
42,MS51DA9AE
43,NUC980DF71YC
44,NAU88C10YG
45,MINI54FDE
46,NAU88L21YG
47,MINI58TDE
48,N9H20K51N
49,ML51SD1AE
50,ML51XB9AE
51,MINI52FDE
52,ML51TC0AE
53,N9H30F63IEC
54,M471CI8AE
55,NUC980DR63YC
56,MS51TC0AE
57,N9H30F71IEC
58,M031LG8AE
59,MINI54TDE
60,ML51TD1AE
61,M032KG6AE
62,NUC976DK63YC
63,NAU8325YG
64,NAU88C22YG
65,MINI58ZDE
66,N9H20K11N
67,MINI51TDE
68,M031SIAAE
69,ML51UC0AE
70,M032KG8AE
71,NUC980DF63YC
72,MS51XC0BE
73,NUC980DK61YC
74,NAU88L25YGB
75,M032SIAAE
76,MINI52LDE
77,M032LG6AE
78,N9H30K63IEC
79,MS51EC0AE